{
    "version": "3.5.4",
    "timestamp": "20251112_173837",
    "mode": "eye_to_hand",
    "method": "Optimized_Horaud_with_RANSAC",
    "camera_to_base": {
        "translation": {
            "x": 0.2861836867058761,
            "y": 0.5889455512015734,
            "z": 0.67010618893451
        },
        "rotation_matrix": [
            [
                -0.9996902707738422,
                -0.02274147041736305,
                -0.010108810186089837
            ],
            [
                -0.011712105814501796,
                0.7883031062950733,
                -0.6151756165380171
            ],
            [
                0.021958804555624278,
                -0.6148666832157974,
                -0.7883252962918876
            ]
        ],
        "quaternion": {
            "x": -0.009109325207895053,
            "y": 0.9455578609160841,
            "z": -0.32521603134950233,
            "w": -0.008478490864283563
        }
    },
    "quality": {
        "translation_error_mm": {
            "mean": 1.1424524927981283,
            "std": 0.5026028158738954,
            "max": 3.2034531159405524,
            "median": 1.026610373240554
        },
        "rotation_error_deg": {
            "mean": 0.8825101048636738,
            "std": 0.4106365766176879,
            "max": 1.6791952831454955,
            "median": 0.8119453070041313
        },
        "quality": "\ud83c\udf1f \u4f18\u79c0"
    },
    "data_statistics": {
        "frames_used": "45/62",
        "inlier_frame_ids": [
            1,
            2,
            4,
            5,
            6,
            8,
            10,
            11,
            12,
            13,
            14,
            15,
            16,
            17,
            18,
            19,
            20,
            21,
            22,
            24,
            25,
            28,
            29,
            33,
            34,
            35,
            36,
            37,
            38,
            39,
            41,
            43,
            45,
            46,
            47,
            48,
            51,
            52,
            53,
            54,
            55,
            56,
            57,
            58,
            60
        ]
    }
}