{
  "timestamp": "20251017_165228",
  "method": "Optimized_Tsai_with_RANSAC",
  "optimization": {
    "ransac_enabled": true,
    "multi_algorithm": true,
    "iterative_refinement": true
  },
  "data_points": {
    "total": 24,
    "used": 24,
    "filtered": 0
  },
  "transformation": {
    "rotation_matrix": [
      [
        -0.0046627442450293335,
        0.9137680372489875,
        0.40620959235133575
      ],
      [
        -0.9999889819291143,
        -0.004481284266193153,
        -0.0013978954534817928
      ],
      [
        0.0005429884701733959,
        -0.4062116347342337,
        0.9137788643704025
      ]
    ],
    "translation_mm": [
      -71.24426172924059,
      43.0861205231563,
      32.59952923290788
    ],
    "quaternion_xyzw": [
      0.14666260229755332,
      -0.14697159216021435,
      0.6933474765371301,
      -0.6900425414166832
    ],
    "euler_xyz_deg": [
      -23.967080470905156,
      -0.03111094919397405,
      -90.26715657362895
    ]
  },
  "quality": {
    "avg_error_mm": 3.6380863769091882,
    "quality_level": "\ud83d\udc4d \u826f\u597d"
  },
  "camera_intrinsics": {
    "camera_matrix": [
      [
        898.5195922851562,
        0.0,
        652.4507446289062
      ],
      [
        0.0,
        898.4907836914062,
        376.7908935546875
      ],
      [
        0.0,
        0.0,
        1.0
      ]
    ],
    "distortion_coefficients": [
      0.09539764374494553,
      -0.18900324404239655,
      -0.0005664896452799439,
      -0.0009036035044118762,
      0.0
    ]
  }
}