{
  "timestamp": "20251017_165154",
  "method": "Optimized_Tsai_with_RANSAC",
  "optimization": {
    "ransac_enabled": true,
    "multi_algorithm": true,
    "iterative_refinement": true
  },
  "data_points": {
    "total": 13,
    "used": 13,
    "filtered": 0
  },
  "transformation": {
    "rotation_matrix": [
      [
        -0.015631123220423794,
        0.9136701569125819,
        0.406155773508399
      ],
      [
        -0.9998777643336706,
        -0.01414015995120637,
        -0.006671751468325996
      ],
      [
        -0.00035267260843246543,
        -0.4062104137560881,
        0.9137795004147002
      ]
    ],
    "translation_mm": [
      -71.93137131898533,
      42.57704703722548,
      27.70973497924433
    ],
    "quaternion_xyzw": [
      0.14554169189280644,
      -0.14808060546077367,
      0.6970564510113816,
      -0.686295894138066
    ],
    "euler_xyz_deg": [
      -23.967001742326943,
      0.02020665243191353,
      -90.89563391981169
    ]
  },
  "quality": {
    "avg_error_mm": 3.4485164116019997,
    "quality_level": "\ud83d\udc4d \u826f\u597d"
  },
  "camera_intrinsics": {
    "camera_matrix": [
      [
        898.5195922851562,
        0.0,
        652.4507446289062
      ],
      [
        0.0,
        898.4907836914062,
        376.7908935546875
      ],
      [
        0.0,
        0.0,
        1.0
      ]
    ],
    "distortion_coefficients": [
      0.09539764374494553,
      -0.18900324404239655,
      -0.0005664896452799439,
      -0.0009036035044118762,
      0.0
    ]
  }
}