{
    "version": "3.5.3",
    "timestamp": "20251104_183120",
    "mode": "eye_to_hand",
    "method": "Optimized_Horaud_with_RANSAC",
    "camera_to_base": {
        "translation": {
            "x": 0.7288645955318136,
            "y": 0.9203387018057007,
            "z": 0.9261816216766886
        },
        "rotation_matrix": [
            [
                -0.9448149692422939,
                0.21632029671795694,
                -0.2460288664436317
            ],
            [
                0.3212395755433356,
                0.464432801562056,
                -0.82529225607536
            ],
            [
                -0.06426359000570124,
                -0.8587826861675049,
                -0.5082937034220512
            ]
        ],
        "quaternion": {
            "x": 0.1573578188538,
            "y": 0.8540406129433192,
            "z": -0.49297273359136884,
            "w": -0.053207445197338006
        }
    },
    "quality": {
        "translation_error_mm": {
            "mean": 2.52690455635678,
            "std": 1.9168142133049477,
            "max": 8.83382554195716,
            "median": 1.6778192592211982
        },
        "rotation_error_deg": {
            "mean": 1.2493256425774415,
            "std": 0.6417964048975928,
            "max": 3.2680765321724192,
            "median": 1.083434205484459
        },
        "quality": "\ud83c\udf1f \u4f18\u79c0"
    },
    "data_statistics": {
        "frames_used": "52/71",
        "inlier_frame_ids": [
            1,
            7,
            8,
            9,
            10,
            11,
            12,
            13,
            17,
            18,
            19,
            21,
            22,
            23,
            25,
            26,
            27,
            28,
            29,
            30,
            32,
            34,
            35,
            37,
            38,
            39,
            40,
            41,
            42,
            43,
            44,
            45,
            47,
            49,
            53,
            54,
            55,
            57,
            58,
            61,
            62,
            63,
            64,
            67,
            68,
            69,
            70,
            71,
            72,
            73,
            74,
            75
        ]
    }
}