{
  "timestamp": "20251017_170330",
  "method": "Optimized_Daniilidis_with_RANSAC",
  "optimization": {
    "ransac_enabled": true,
    "multi_algorithm": true,
    "iterative_refinement": true
  },
  "data_points": {
    "total": 22,
    "used": 22,
    "filtered": 0
  },
  "transformation": {
    "rotation_matrix": [
      [
        -0.005978109879516864,
        0.9136285187820131,
        0.4065060785159961
      ],
      [
        -0.9999819673889673,
        -0.005694368016257438,
        -0.0019076346049355295
      ],
      [
        0.000571925833431194,
        -0.40651015219927805,
        0.9136460852320011
      ]
    ],
    "translation_mm": [
      -72.55257926788626,
      39.00305739572664,
      37.39874432863611
    ],
    "quaternion_xyzw": [
      0.14668859269276835,
      -0.14717137682924153,
      0.6937792449921977,
      -0.6895602960104771
    ],
    "euler_xyz_deg": [
      -23.98579988949676,
      -0.03276893823655986,
      -90.34252256176919
    ]
  },
  "quality": {
    "avg_error_mm": 3.6539005431023854,
    "quality_level": "\ud83d\udc4d \u826f\u597d"
  },
  "camera_intrinsics": {
    "camera_matrix": [
      [
        898.5195922851562,
        0.0,
        652.4507446289062
      ],
      [
        0.0,
        898.4907836914062,
        376.7908935546875
      ],
      [
        0.0,
        0.0,
        1.0
      ]
    ],
    "distortion_coefficients": [
      0.09539764374494553,
      -0.18900324404239655,
      -0.0005664896452799439,
      -0.0009036035044118762,
      0.0
    ]
  }
}