{
    "version": "3.3.0",
    "timestamp": "20251023_164111",
    "mode": "eye_in_hand",
    "method": "Optimized_Horaud_with_RANSAC",
    "camera_to_gripper": {
        "translation": {
            "x": 0.06311037806658513,
            "y": -0.026852188207850854,
            "z": 0.01733193288234134
        },
        "rotation_matrix": [
            [
                -0.020846602717786548,
                -0.999720305860866,
                0.011168222982338737
            ],
            [
                0.9997204496997868,
                -0.020968643894978743,
                -0.01092421279824888
            ],
            [
                0.011155339850610936,
                0.010937368178041522,
                0.999877958738043
            ]
        ],
        "quaternion": {
            "x": 0.007811568970913211,
            "y": 4.603394062040363e-06,
            "z": 0.7144391515991422,
            "w": 0.6996539702105029
        }
    },
    "quality": {
        "translation_error_mm": {
            "mean": 2.753678287308078,
            "std": 1.2613705999850888,
            "max": 5.861215865867107,
            "median": 2.412173118415107
        },
        "rotation_error_deg": {
            "mean": 0.5938843598155943,
            "std": 0.2318059678568225,
            "max": 0.9994726843404295,
            "median": 0.5771024176727177
        },
        "quality": "\u5408\u683c"
    },
    "data_statistics": {
        "frames_used": "39/56",
        "inlier_frame_ids": [
            1,
            2,
            4,
            6,
            7,
            8,
            10,
            11,
            12,
            13,
            14,
            15,
            16,
            17,
            18,
            19,
            20,
            21,
            22,
            23,
            24,
            25,
            26,
            29,
            30,
            31,
            36,
            37,
            38,
            39,
            42,
            43,
            44,
            45,
            46,
            48,
            50,
            51,
            56
        ]
    }
}