{
    "version": "3.3.0",
    "timestamp": "20251023_145542",
    "mode": "eye_in_hand",
    "method": "Optimized_Daniilidis_with_RANSAC",
    "camera_to_gripper": {
        "translation": {
            "x": 0.06050795497313822,
            "y": -0.022758782219944932,
            "z": 0.01651231409860767
        },
        "rotation_matrix": [
            [
                -0.02136076063078158,
                -0.999667945160958,
                0.014412401706248804
            ],
            [
                0.99964253946847,
                -0.021587611310021054,
                -0.01577239116163608
            ],
            [
                0.01607828318890598,
                0.0140703395692955,
                0.9997717311237112
            ]
        ],
        "quaternion": {
            "x": 0.010666765624222578,
            "y": -0.0005954403936238515,
            "z": 0.7146187975180394,
            "w": 0.6994325126813359
        }
    },
    "quality": {
        "translation_error_mm": {
            "mean": 2.2499570589672806,
            "std": 0.8399247514882165,
            "max": 3.9313634393733263,
            "median": 2.271458298413168
        },
        "rotation_error_deg": {
            "mean": 0.6533098333079841,
            "std": 0.22448861093903347,
            "max": 1.0130195144214253,
            "median": 0.6589584690605073
        },
        "quality": "\u5408\u683c"
    },
    "data_statistics": {
        "frames_used": "21/56",
        "inlier_frame_ids": [
            1,
            2,
            7,
            10,
            11,
            12,
            13,
            14,
            15,
            16,
            17,
            18,
            19,
            20,
            22,
            23,
            29,
            37,
            45,
            48,
            50
        ]
    }
}