{
    "version": "3.3.0",
    "timestamp": "20251023_194603",
    "mode": "eye_in_hand",
    "method": "Optimized_Daniilidis_with_RANSAC",
    "camera_to_gripper": {
        "translation": {
            "x": 0.06450895230620714,
            "y": -0.028034739418008933,
            "z": 0.017871269626187902
        },
        "rotation_matrix": [
            [
                -0.02112544878589218,
                -0.999713283401017,
                0.011272373536774016
            ],
            [
                0.9997275057484001,
                -0.021235062461276176,
                -0.00969465689688306
            ],
            [
                0.009931246833969513,
                0.011064497902011458,
                0.9998894675025333
            ]
        ],
        "quaternion": {
            "x": 0.007418661820889858,
            "y": 0.0004792760381362684,
            "z": 0.7145365593777727,
            "w": 0.69955860302325
        }
    },
    "quality": {
        "translation_error_mm": {
            "mean": 2.9216065076718563,
            "std": 1.37734885367249,
            "max": 6.215624040566593,
            "median": 2.5382275749001146
        },
        "rotation_error_deg": {
            "mean": 0.6350234623559448,
            "std": 0.2510622556403252,
            "max": 1.476088320183408,
            "median": 0.6290537877732869
        },
        "quality": "\u5408\u683c"
    },
    "data_statistics": {
        "frames_used": "47/56",
        "inlier_frame_ids": [
            1,
            2,
            4,
            5,
            6,
            7,
            8,
            10,
            11,
            12,
            13,
            14,
            15,
            16,
            17,
            18,
            19,
            20,
            21,
            22,
            23,
            24,
            25,
            26,
            28,
            29,
            30,
            31,
            32,
            34,
            35,
            36,
            37,
            38,
            39,
            41,
            42,
            43,
            44,
            45,
            46,
            48,
            50,
            51,
            52,
            53,
            56
        ]
    }
}