{
    "version": "3.3.0",
    "timestamp": "20251023_160302",
    "mode": "eye_in_hand",
    "method": "Optimized_Horaud_with_RANSAC",
    "camera_to_gripper": {
        "translation": {
            "x": 0.0510541087345184,
            "y": -0.0319709945622013,
            "z": 0.061425904280549705
        },
        "rotation_matrix": [
            [
                -0.01103812137966036,
                -0.9997787362320834,
                0.01790638027593032
            ],
            [
                0.9999386901754881,
                -0.011020573684074018,
                0.0010783532831317635
            ],
            [
                -0.0008807760993752491,
                0.01791718543332732,
                0.9998390864032124
            ]
        ],
        "quaternion": {
            "x": 0.005986775033379965,
            "y": 0.006679470270423618,
            "z": 0.7109672604042585,
            "w": 0.7031679015959628
        }
    },
    "quality": {
        "translation_error_mm": {
            "mean": 18.886939794711306,
            "std": 5.323660333777137,
            "max": 31.934363853029286,
            "median": 19.268756416404486
        },
        "rotation_error_deg": {
            "mean": 0.6342070444358997,
            "std": 0.21114131882333922,
            "max": 1.1211766309670008,
            "median": 0.6188400318987961
        },
        "quality": "\u8f83\u5dee"
    },
    "data_statistics": {
        "frames_used": "39/56",
        "inlier_frame_ids": [
            1,
            2,
            4,
            6,
            7,
            8,
            10,
            11,
            12,
            13,
            14,
            15,
            16,
            17,
            18,
            19,
            20,
            21,
            22,
            23,
            24,
            25,
            26,
            29,
            30,
            31,
            36,
            37,
            38,
            39,
            42,
            43,
            44,
            45,
            46,
            48,
            50,
            51,
            56
        ]
    }
}