{
    "version": "3.3.0",
    "timestamp": "20251023_145707",
    "mode": "eye_in_hand",
    "method": "Optimized_Horaud_with_RANSAC",
    "camera_to_gripper": {
        "translation": {
            "x": 0.06479649977973895,
            "y": -0.026711373525163302,
            "z": 0.017295585350399077
        },
        "rotation_matrix": [
            [
                -0.013669204559883083,
                -0.9998744712088383,
                0.008012157733468231
            ],
            [
                0.999835183898903,
                -0.013763538063877055,
                -0.011839343639369648
            ],
            [
                0.011948133098812827,
                0.007849002790807932,
                0.9998978124141702
            ]
        ],
        "quaternion": {
            "x": 0.0070092989988987,
            "y": -0.0014012567427050798,
            "z": 0.7119217925864347,
            "w": 0.7022223774899248
        }
    },
    "quality": {
        "translation_error_mm": {
            "mean": 3.106345515119502,
            "std": 1.4530480985722676,
            "max": 6.724593889461557,
            "median": 3.036538791760596
        },
        "rotation_error_deg": {
            "mean": 0.5502641949547276,
            "std": 0.2230665715777442,
            "max": 0.9740859456153603,
            "median": 0.5162441088536713
        },
        "quality": "\u5408\u683c"
    },
    "data_statistics": {
        "frames_used": "39/56",
        "inlier_frame_ids": [
            1,
            2,
            4,
            6,
            7,
            8,
            10,
            11,
            12,
            13,
            14,
            15,
            16,
            17,
            18,
            19,
            20,
            21,
            22,
            23,
            24,
            25,
            26,
            29,
            30,
            31,
            36,
            37,
            38,
            39,
            42,
            43,
            44,
            45,
            46,
            48,
            50,
            51,
            56
        ]
    }
}