{
    "version": "3.3.0",
    "timestamp": "20251024_005613",
    "mode": "eye_in_hand",
    "method": "Optimized_Daniilidis_with_RANSAC",
    "camera_to_gripper": {
        "translation": {
            "x": 0.06450918161299782,
            "y": -0.028025477065277155,
            "z": 0.017875105888676704
        },
        "rotation_matrix": [
            [
                -0.021121365412074607,
                -0.9997134265406755,
                0.011267329649511656
            ],
            [
                0.9997273711454244,
                -0.02123117631090548,
                -0.009717022955305485
            ],
            [
                0.00995345697676472,
                0.01105902105777866,
                0.9998893072472846
            ]
        ],
        "quaternion": {
            "x": 0.007424682679178564,
            "y": 0.0004695353778537787,
            "z": 0.7145351371644129,
            "w": 0.6995599984140577
        }
    },
    "quality": {
        "translation_error_mm": {
            "mean": 2.9216711280130663,
            "std": 1.377841319466035,
            "max": 6.217135197047582,
            "median": 2.538491080540711
        },
        "rotation_error_deg": {
            "mean": 0.6349281475446016,
            "std": 0.25111364747342857,
            "max": 1.4759100915399663,
            "median": 0.628771367153658
        },
        "quality": "\u5408\u683c"
    },
    "data_statistics": {
        "frames_used": "47/56",
        "inlier_frame_ids": [
            1,
            2,
            4,
            5,
            6,
            7,
            8,
            10,
            11,
            12,
            13,
            14,
            15,
            16,
            17,
            18,
            19,
            20,
            21,
            22,
            23,
            24,
            25,
            26,
            28,
            29,
            30,
            31,
            32,
            34,
            35,
            36,
            37,
            38,
            39,
            41,
            42,
            43,
            44,
            45,
            46,
            48,
            50,
            51,
            52,
            53,
            56
        ]
    }
}