{
    "version": "3.3.0",
    "timestamp": "20251023_145906",
    "mode": "eye_in_hand",
    "method": "Optimized_Daniilidis_with_RANSAC",
    "camera_to_gripper": {
        "translation": {
            "x": 0.06554667856046859,
            "y": -0.024274674354875233,
            "z": 0.016213758297670838
        },
        "rotation_matrix": [
            [
                -0.010138069616160416,
                -0.999930265897459,
                0.006056639884867856
            ],
            [
                0.9998503195613676,
                -0.01022180946088143,
                -0.01395897862941715
            ],
            [
                0.014019915031446332,
                0.005914216227237724,
                0.9998842253125753
            ]
        ],
        "quaternion": {
            "x": 0.007062480657422827,
            "y": -0.002829966550326121,
            "z": 0.7106764566927796,
            "w": 0.703477850794809
        }
    },
    "quality": {
        "translation_error_mm": {
            "mean": 3.088024036521073,
            "std": 1.0891380951833085,
            "max": 5.1612727387077095,
            "median": 3.155110899549847
        },
        "rotation_error_deg": {
            "mean": 0.535262065483306,
            "std": 0.209423252927087,
            "max": 0.9755704944603054,
            "median": 0.5017466908667461
        },
        "quality": "\u5408\u683c"
    },
    "data_statistics": {
        "frames_used": "21/56",
        "inlier_frame_ids": [
            1,
            2,
            7,
            10,
            11,
            12,
            13,
            14,
            15,
            16,
            17,
            18,
            19,
            20,
            22,
            23,
            29,
            37,
            45,
            48,
            50
        ]
    }
}