{
    "version": "3.3.0",
    "timestamp": "20251023_165425",
    "mode": "eye_in_hand",
    "method": "Optimized_Daniilidis_with_RANSAC",
    "camera_to_gripper": {
        "translation": {
            "x": 0.06449824731071017,
            "y": -0.0280508769580138,
            "z": 0.01787023340604991
        },
        "rotation_matrix": [
            [
                -0.02113193902502692,
                -0.9997130594074736,
                0.011280071063247925
            ],
            [
                0.9997274451827173,
                -0.021241541207143676,
                -0.009686706126560224
            ],
            [
                0.00992353271167413,
                0.01107229774232052,
                0.9998894577508185
            ]
        ],
        "quaternion": {
            "x": 0.007418632476715535,
            "y": 0.00048478527844882194,
            "z": 0.714538826443845,
            "w": 0.6995562839255052
        }
    },
    "quality": {
        "translation_error_mm": {
            "mean": 2.9218634531255465,
            "std": 1.3761550697334253,
            "max": 6.212996574290003,
            "median": 2.5403886591513616
        },
        "rotation_error_deg": {
            "mean": 0.6351032954663729,
            "std": 0.251057182269031,
            "max": 1.4762542629781286,
            "median": 0.6292663847170216
        },
        "quality": "\u5408\u683c"
    },
    "data_statistics": {
        "frames_used": "47/56",
        "inlier_frame_ids": [
            1,
            2,
            4,
            5,
            6,
            7,
            8,
            10,
            11,
            12,
            13,
            14,
            15,
            16,
            17,
            18,
            19,
            20,
            21,
            22,
            23,
            24,
            25,
            26,
            28,
            29,
            30,
            31,
            32,
            34,
            35,
            36,
            37,
            38,
            39,
            41,
            42,
            43,
            44,
            45,
            46,
            48,
            50,
            51,
            52,
            53,
            56
        ]
    }
}