{
    "version": "3.3.0",
    "timestamp": "20251023_145444",
    "mode": "eye_in_hand",
    "method": "Optimized_Horaud_with_RANSAC",
    "camera_to_gripper": {
        "translation": {
            "x": 0.06223473124541453,
            "y": -0.026831523826745425,
            "z": 0.01731574824182309
        },
        "rotation_matrix": [
            [
                -0.022944863546672613,
                -0.9996543513565395,
                0.012833980316371084
            ],
            [
                0.9996772127702709,
                -0.023081684934863685,
                -0.010616312374384325
            ],
            [
                0.010908872750536286,
                0.012586247832619264,
                0.9998612818090362
            ]
        ],
        "quaternion": {
            "x": 0.008299692451456776,
            "y": 0.0006886223153761537,
            "z": 0.7151726767520157,
            "w": 0.6988981923941961
        }
    },
    "quality": {
        "translation_error_mm": {
            "mean": 2.7281828370690113,
            "std": 1.196539616231939,
            "max": 5.860155785928971,
            "median": 2.56527249220108
        },
        "rotation_error_deg": {
            "mean": 0.6120566438472239,
            "std": 0.23711011051771883,
            "max": 1.0561983287469972,
            "median": 0.6270072170135164
        },
        "quality": "\u5408\u683c"
    },
    "data_statistics": {
        "frames_used": "39/56",
        "inlier_frame_ids": [
            1,
            2,
            4,
            6,
            7,
            8,
            10,
            11,
            12,
            13,
            14,
            15,
            16,
            17,
            18,
            19,
            20,
            21,
            22,
            23,
            24,
            25,
            26,
            29,
            30,
            31,
            36,
            37,
            38,
            39,
            42,
            43,
            44,
            45,
            46,
            48,
            50,
            51,
            56
        ]
    }
}