{
    "version": "3.5.4",
    "timestamp": "20251224_215731",
    "mode": "eye_in_hand",
    "method": "Optimized_Daniilidis_with_RANSAC",
    "camera_to_flan": {
        "translation": {
            "x": -0.06950102249096521,
            "y": 0.041842417281857724,
            "z": 0.03983450828454096
        },
        "rotation_matrix": [
            [
                -0.0023061070966113317,
                0.8976862965195584,
                0.4406290899510133
            ],
            [
                -0.999964257725402,
                -0.005654280121414175,
                0.006285888003640754
            ],
            [
                0.008134195826551794,
                -0.44059884493415075,
                0.8976672505449595
            ]
        ],
        "quaternion": {
            "x": 0.16254301159988632,
            "y": -0.15730907191754506,
            "z": 0.6902223623157586,
            "w": -0.6873330457876542
        }
    },
    "quality": {
        "translation_error_mm": {
            "mean": 3.787184267122253,
            "std": 1.886016522269457,
            "max": 8.000499970942505,
            "median": 3.5046015164809607
        },
        "rotation_error_deg": {
            "mean": 0.3487483068187863,
            "std": 0.240877701209582,
            "max": 0.8554373529647957,
            "median": 0.24669669007360173
        },
        "quality": "\ud83d\udc4d \u826f\u597d"
    },
    "data_statistics": {
        "frames_used": "18/66",
        "inlier_frame_ids": [
            1,
            2,
            3,
            4,
            5,
            6,
            7,
            8,
            13,
            15,
            17,
            18,
            19,
            20,
            22,
            35,
            43,
            44
        ]
    }
}