{
    "version": "3.5.1",
    "timestamp": "20251024_214731",
    "mode": "eye_to_hand",
    "method": "Optimized_Li_with_RANSAC",
    "camera_to_base": {
        "translation": {
            "x": 0.6289714217075612,
            "y": -0.1807547897556274,
            "z": 0.985078512310246
        },
        "rotation_matrix": [
            [
                0.5428365255738332,
                0.740128607957898,
                -0.39691075846496504
            ],
            [
                0.8329474459050369,
                -0.5348802864643656,
                0.1417802225702653
            ],
            [
                -0.10736414142163783,
                -0.4075692859307511,
                -0.906840789942034
            ]
        ],
        "quaternion": {
            "x": 0.8637936098947816,
            "y": 0.4552812257011691,
            "z": -0.14594773974654326,
            "w": -0.15899327750524006
        }
    },
    "quality": {
        "translation_error_mm": {
            "mean": 2.1883422385940774,
            "std": 0.9791656604694537,
            "max": 5.163142703179361,
            "median": 2.0623828835128797
        },
        "rotation_error_deg": {
            "mean": 1.0897892820782704,
            "std": 0.504657108718384,
            "max": 2.5023764629860863,
            "median": 1.0723791316031914
        },
        "quality": "\ud83c\udf1f \u4f18\u79c0"
    },
    "data_statistics": {
        "frames_used": "55/65",
        "inlier_frame_ids": [
            1,
            2,
            3,
            4,
            7,
            8,
            9,
            10,
            11,
            12,
            13,
            16,
            17,
            18,
            19,
            20,
            21,
            23,
            24,
            25,
            26,
            28,
            29,
            30,
            31,
            32,
            33,
            34,
            35,
            37,
            39,
            40,
            41,
            42,
            43,
            44,
            45,
            46,
            47,
            48,
            49,
            50,
            51,
            53,
            55,
            56,
            57,
            58,
            59,
            60,
            62,
            64,
            65,
            66,
            67
        ]
    }
}