{
  "timestamp": "20251017_165105",
  "method": "Optimized_Horaud_with_RANSAC",
  "optimization": {
    "ransac_enabled": true,
    "multi_algorithm": true,
    "iterative_refinement": true
  },
  "data_points": {
    "total": 10,
    "used": 10,
    "filtered": 0
  },
  "transformation": {
    "rotation_matrix": [
      [
        -0.018188053800241792,
        0.9122313277026828,
        0.4092715473335037
      ],
      [
        -0.9998291895515616,
        -0.015249765478145993,
        -0.010442048339729426
      ],
      [
        -0.003284268507173048,
        -0.4093915600139582,
        0.9123528726154759
      ]
    ],
    "translation_mm": [
      -72.03121185375966,
      45.426641015172265,
      27.35328268947767
    ],
    "quaternion_xyzw": [
      0.14552391475495405,
      -0.1504870556780716,
      0.6974580080359433,
      -0.6853676118217669
    ],
    "euler_xyz_deg": [
      -24.166757942223498,
      0.1881750625389906,
      -91.04216180539451
    ]
  },
  "quality": {
    "avg_error_mm": 3.1398351224375127,
    "quality_level": "\ud83d\udc4d \u826f\u597d"
  },
  "camera_intrinsics": {
    "camera_matrix": [
      [
        898.5195922851562,
        0.0,
        652.4507446289062
      ],
      [
        0.0,
        898.4907836914062,
        376.7908935546875
      ],
      [
        0.0,
        0.0,
        1.0
      ]
    ],
    "distortion_coefficients": [
      0.09539764374494553,
      -0.18900324404239655,
      -0.0005664896452799439,
      -0.0009036035044118762,
      0.0
    ]
  }
}