{
    "version": "3.5.4",
    "timestamp": "20251112_173930",
    "mode": "eye_to_hand",
    "method": "Optimized_Park_with_RANSAC",
    "camera_to_base": {
        "translation": {
            "x": 0.2880739338322649,
            "y": 0.5876492045913441,
            "z": 0.668470740591117
        },
        "rotation_matrix": [
            [
                -0.9997512236574243,
                -0.021533234995615217,
                -0.005814687103053556
            ],
            [
                -0.013341538516669863,
                0.7862437975734402,
                -0.6177723643279173
            ],
            [
                0.017874399164475988,
                -0.6175411003066277,
                -0.7863354852011887
            ]
        ],
        "quaternion": {
            "x": -0.009225832893634288,
            "y": 0.945030489776924,
            "z": -0.3267919601530905,
            "w": -0.006266751846578353
        }
    },
    "quality": {
        "translation_error_mm": {
            "mean": 1.917598657626738,
            "std": 0.7704935649589449,
            "max": 4.647764038011825,
            "median": 1.755427262112951
        },
        "rotation_error_deg": {
            "mean": 1.7000126362638894,
            "std": 0.3626185131464106,
            "max": 2.337390986809453,
            "median": 1.825180277890014
        },
        "quality": "\ud83c\udf1f \u4f18\u79c0"
    },
    "data_statistics": {
        "frames_used": "45/62",
        "inlier_frame_ids": [
            1,
            2,
            4,
            5,
            6,
            8,
            10,
            11,
            12,
            13,
            14,
            15,
            16,
            17,
            18,
            19,
            20,
            21,
            22,
            24,
            25,
            28,
            29,
            33,
            34,
            35,
            36,
            37,
            38,
            39,
            41,
            43,
            45,
            46,
            47,
            48,
            51,
            52,
            53,
            54,
            55,
            56,
            57,
            58,
            60
        ]
    }
}