{
    "version": "3.5.4",
    "timestamp": "20251112_173745",
    "mode": "eye_to_hand",
    "method": "Optimized_Park_with_RANSAC",
    "camera_to_base": {
        "translation": {
            "x": 0.28807393355046307,
            "y": 0.5876491588907347,
            "z": 0.6684708597962895
        },
        "rotation_matrix": [
            [
                -0.9997512240387735,
                -0.021533222749561598,
                -0.005814666885723344
            ],
            [
                -0.01334154506332201,
                0.7862439250365062,
                -0.617772201963242
            ],
            [
                0.01787437294837256,
                -0.6175409384495955,
                -0.7863356129099683
            ]
        ],
        "quaternion": {
            "x": -0.009225831055911425,
            "y": 0.9450305235791657,
            "z": -0.3267918626940928,
            "w": -0.006266739338846197
        }
    },
    "quality": {
        "translation_error_mm": {
            "mean": 1.9175967882880236,
            "std": 0.7704975812593132,
            "max": 4.647789447595076,
            "median": 1.7554369125585834
        },
        "rotation_error_deg": {
            "mean": 1.7000120028934746,
            "std": 0.3626196815026246,
            "max": 2.3373888596534487,
            "median": 1.8251799710618097
        },
        "quality": "\ud83c\udf1f \u4f18\u79c0"
    },
    "data_statistics": {
        "frames_used": "45/62",
        "inlier_frame_ids": [
            1,
            2,
            4,
            5,
            6,
            8,
            10,
            11,
            12,
            13,
            14,
            15,
            16,
            17,
            18,
            19,
            20,
            21,
            22,
            24,
            25,
            28,
            29,
            33,
            34,
            35,
            36,
            37,
            38,
            39,
            41,
            43,
            45,
            46,
            47,
            48,
            51,
            52,
            53,
            54,
            55,
            56,
            57,
            58,
            60
        ]
    }
}