{
    "version": "3.3.0",
    "timestamp": "20251023_143940",
    "mode": "eye_in_hand",
    "method": "Optimized_Andreff_with_RANSAC",
    "camera_to_gripper": {
        "translation": {
            "x": 0.06940978182244797,
            "y": -0.03550304949453741,
            "z": 0.06596667998468549
        },
        "rotation_matrix": [
            [
                -0.008414205923482103,
                -0.999964591938482,
                0.0001265226569553456
            ],
            [
                0.9999252792450016,
                -0.008412752940702968,
                0.008869132695155844
            ],
            [
                -0.008867754252505394,
                0.00020113991194662187,
                0.9999606604648269
            ]
        ],
        "quaternion": {
            "x": -0.0030776026544163657,
            "y": 0.0031934510311006177,
            "z": 0.7100682395602925,
            "w": 0.7041189000447017
        }
    },
    "quality": {
        "translation_error_mm": {
            "mean": 6.259018133216714,
            "std": 3.449678082848867,
            "max": 20.642466598992435,
            "median": 5.58862725702742
        },
        "rotation_error_deg": {
            "mean": 1.024905552230317,
            "std": 0.5001857212304167,
            "max": 2.0162000455978104,
            "median": 1.024220403167602
        },
        "quality": "\u8f83\u5dee"
    },
    "data_statistics": {
        "frames_used": "39/56",
        "inlier_frame_ids": [
            1,
            2,
            4,
            6,
            7,
            8,
            10,
            11,
            12,
            13,
            14,
            15,
            16,
            17,
            18,
            19,
            20,
            21,
            22,
            23,
            24,
            25,
            26,
            29,
            30,
            31,
            36,
            37,
            38,
            39,
            42,
            43,
            44,
            45,
            46,
            48,
            50,
            51,
            56
        ]
    }
}