{
    "version": "3.5.4",
    "timestamp": "20251112_175355",
    "mode": "eye_to_hand",
    "method": "Optimized_Horaud_with_RANSAC",
    "camera_to_base": {
        "translation": {
            "x": 0.2841978143734812,
            "y": 0.5863733266716398,
            "z": 0.6697952146289642
        },
        "rotation_matrix": [
            [
                -0.999481835983024,
                -0.031266619204714664,
                -0.007645787304849879
            ],
            [
                -0.01990005054680715,
                0.7869401967763324,
                -0.6167082897820176
            ],
            [
                0.025299160623193723,
                -0.6162365821834451,
                -0.7871546399854529
            ]
        ],
        "quaternion": {
            "x": -0.013533359025904265,
            "y": 0.9451953069002206,
            "z": -0.32610849391775976,
            "w": -0.008713793775618437
        }
    },
    "quality": {
        "translation_error_mm": {
            "mean": 1.0578180350971425,
            "std": 0.4438351371920864,
            "max": 2.902229332538832,
            "median": 0.9984037159686147
        },
        "rotation_error_deg": {
            "mean": 0.8342330322103269,
            "std": 0.377589299103459,
            "max": 1.6043895454250177,
            "median": 0.7432128370879713
        },
        "quality": "\ud83c\udf1f \u4f18\u79c0"
    },
    "data_statistics": {
        "frames_used": "45/62",
        "inlier_frame_ids": [
            1,
            2,
            4,
            5,
            6,
            8,
            10,
            11,
            12,
            13,
            14,
            15,
            16,
            17,
            18,
            19,
            20,
            21,
            22,
            24,
            25,
            28,
            29,
            33,
            34,
            35,
            36,
            37,
            38,
            39,
            41,
            43,
            45,
            46,
            47,
            48,
            51,
            52,
            53,
            54,
            55,
            56,
            57,
            58,
            60
        ]
    }
}