{
    "version": "3.3.0",
    "timestamp": "20251024_183700",
    "mode": "eye_to_hand",
    "method": "Optimized_Horaud_with_RANSAC",
    "camera_to_base": {
        "translation": {
            "x": 0.5932876686981835,
            "y": -0.1975151637350935,
            "z": 0.9730689754800398
        },
        "rotation_matrix": [
            [
                0.5800335791574858,
                0.7589597583999074,
                -0.2958735070588635
            ],
            [
                0.8145397378128651,
                -0.5445214849515329,
                0.200053412742517
            ],
            [
                -0.009276991619372425,
                -0.3570384258812115,
                -0.9340436284621626
            ]
        ],
        "quaternion": {
            "x": 0.8744424927591264,
            "y": 0.44985791211035286,
            "z": -0.08724144274925245,
            "w": -0.15927057617761048
        }
    },
    "quality": {
        "translation_error_mm": {
            "mean": 2.9181157752718128,
            "std": 1.2422005413057606,
            "max": 5.7873230874256825,
            "median": 2.793152048281801
        },
        "rotation_error_deg": {
            "mean": 0.9873091694138536,
            "std": 0.5879186971997548,
            "max": 2.734082106004429,
            "median": 0.8308534617481107
        },
        "quality": "\ud83c\udf1f \u4f18\u79c0"
    },
    "data_statistics": {
        "frames_used": "49/60",
        "inlier_frame_ids": [
            1,
            2,
            3,
            4,
            7,
            8,
            9,
            10,
            11,
            12,
            13,
            16,
            17,
            18,
            26,
            27,
            28,
            29,
            30,
            31,
            32,
            33,
            34,
            35,
            37,
            39,
            40,
            41,
            42,
            44,
            45,
            46,
            47,
            48,
            49,
            50,
            51,
            53,
            55,
            56,
            57,
            58,
            59,
            60,
            62,
            64,
            65,
            66,
            67
        ]
    }
}