{
    "version": "3.5.0",
    "timestamp": "20251024_193559",
    "mode": "eye_to_hand",
    "method": "Optimized_Li_with_RANSAC",
    "camera_to_base": {
        "translation": {
            "x": 0.5915260302191133,
            "y": -0.20661074662370552,
            "z": 0.9669003865148342
        },
        "rotation_matrix": [
            [
                0.5877102087002205,
                0.7515770460871654,
                -0.29954741592014283
            ],
            [
                0.8090589061416171,
                -0.548004363239472,
                0.21240269363506425
            ],
            [
                -0.004516301858148497,
                -0.3671827360666513,
                -0.9301378614765309
            ]
        ],
        "quaternion": {
            "x": 0.8754787880663104,
            "y": 0.4456521315827062,
            "z": -0.08682783692848904,
            "w": -0.16550527482849092
        }
    },
    "quality": {
        "translation_error_mm": {
            "mean": 1.9684607017702385,
            "std": 1.278923531579257,
            "max": 6.973760464078483,
            "median": 1.9479425397964794
        },
        "rotation_error_deg": {
            "mean": 1.0687159017632422,
            "std": 0.6242612462905068,
            "max": 2.9888782255991404,
            "median": 0.9374023550578987
        },
        "quality": "\ud83c\udf1f \u4f18\u79c0"
    },
    "data_statistics": {
        "frames_used": "49/60",
        "inlier_frame_ids": [
            1,
            2,
            3,
            4,
            7,
            8,
            9,
            10,
            11,
            12,
            13,
            16,
            17,
            18,
            26,
            27,
            28,
            29,
            30,
            31,
            32,
            33,
            34,
            35,
            37,
            39,
            40,
            41,
            42,
            44,
            45,
            46,
            47,
            48,
            49,
            50,
            51,
            53,
            55,
            56,
            57,
            58,
            59,
            60,
            62,
            64,
            65,
            66,
            67
        ]
    }
}