{
    "version": "3.3.0",
    "timestamp": "20251024_180301",
    "mode": "eye_to_hand",
    "method": "Optimized_Li_with_RANSAC",
    "camera_to_base": {
        "translation": {
            "x": 0.5917546371850696,
            "y": -0.2071213226998035,
            "z": 0.9665757406066509
        },
        "rotation_matrix": [
            [
                0.5884642333710514,
                0.7507798318832641,
                -0.3000658095824292
            ],
            [
                0.8085103019176643,
                -0.5485286945174694,
                0.21313695827793017
            ],
            [
                -0.004575777095562783,
                -0.36802977505671813,
                -0.9298027462508772
            ]
        ],
        "quaternion": {
            "x": 0.8756134526917967,
            "y": 0.4451993425316227,
            "z": -0.08697947300303223,
            "w": -0.16593130551730184
        }
    },
    "quality": {
        "translation_error_mm": {
            "mean": 844.690089029713,
            "std": 1.8947680046375466,
            "max": 849.2803751562316,
            "median": 844.9149823995843
        },
        "rotation_error_deg": {
            "mean": 159.97827479905675,
            "std": 0.15262088666703488,
            "max": 160.42907533827736,
            "median": 159.95937971851473
        },
        "quality": "\u8f83\u5dee"
    },
    "data_statistics": {
        "frames_used": "49/60",
        "inlier_frame_ids": [
            1,
            2,
            3,
            4,
            7,
            8,
            9,
            10,
            11,
            12,
            13,
            16,
            17,
            18,
            26,
            27,
            28,
            29,
            30,
            31,
            32,
            33,
            34,
            35,
            37,
            39,
            40,
            41,
            42,
            44,
            45,
            46,
            47,
            48,
            49,
            50,
            51,
            53,
            55,
            56,
            57,
            58,
            59,
            60,
            62,
            64,
            65,
            66,
            67
        ]
    }
}