{
    "version": "3.5.0",
    "timestamp": "20251024_190439",
    "mode": "eye_to_hand",
    "method": "Optimized_Li_with_RANSAC",
    "camera_to_base": {
        "translation": {
            "x": 0.5915254232265418,
            "y": -0.20660999320640286,
            "z": 0.966901110899473
        },
        "rotation_matrix": [
            [
                0.5877092780523975,
                0.751578265502202,
                -0.29954618227550805
            ],
            [
                0.8090595839431255,
                -0.548003772614944,
                0.2124016356565213
            ],
            [
                -0.004515985042823245,
                -0.36718112155241656,
                -0.930138500361426
            ]
        ],
        "quaternion": {
            "x": 0.8754786620798887,
            "y": 0.445652737480116,
            "z": -0.08682740667715587,
            "w": -0.16550453549376454
        }
    },
    "quality": {
        "translation_error_mm": {
            "mean": 1.9684751768082094,
            "std": 1.278922515069499,
            "max": 6.973657268951625,
            "median": 1.947831222364719
        },
        "rotation_error_deg": {
            "mean": 1.0687002725208046,
            "std": 0.6242444640166529,
            "max": 2.9887442215806463,
            "median": 0.937389890443281
        },
        "quality": "\ud83c\udf1f \u4f18\u79c0"
    },
    "data_statistics": {
        "frames_used": "49/60",
        "inlier_frame_ids": [
            1,
            2,
            3,
            4,
            7,
            8,
            9,
            10,
            11,
            12,
            13,
            16,
            17,
            18,
            26,
            27,
            28,
            29,
            30,
            31,
            32,
            33,
            34,
            35,
            37,
            39,
            40,
            41,
            42,
            44,
            45,
            46,
            47,
            48,
            49,
            50,
            51,
            53,
            55,
            56,
            57,
            58,
            59,
            60,
            62,
            64,
            65,
            66,
            67
        ]
    }
}