{
    "version": "3.3.0",
    "timestamp": "20251024_183813",
    "mode": "eye_to_hand",
    "method": "Optimized_Horaud_with_RANSAC",
    "camera_to_base": {
        "translation": {
            "x": 0.5917554519894914,
            "y": -0.207122065342865,
            "z": 0.9665746233897858
        },
        "rotation_matrix": [
            [
                0.5884646631574247,
                0.7507788749754943,
                -0.3000673609467537
            ],
            [
                0.8085099890543935,
                -0.5485286249288691,
                0.2131383241768322
            ],
            [
                -0.004575785646513092,
                -0.3680318308572982,
                -0.9298019324896794
            ]
        ],
        "quaternion": {
            "x": 0.8756133879424146,
            "y": 0.4451990129153998,
            "z": -0.08697992481280502,
            "w": -0.1659322947310713
        }
    },
    "quality": {
        "translation_error_mm": {
            "mean": 6.255649103726462,
            "std": 1.4342744491557464,
            "max": 11.593731023311076,
            "median": 5.866522472690676
        },
        "rotation_error_deg": {
            "mean": 1.649173457611504,
            "std": 0.6114174333350002,
            "max": 3.595298202251789,
            "median": 1.5802578699918575
        },
        "quality": "\u26a0\ufe0f  \u53ef\u63a5\u53d7"
    },
    "data_statistics": {
        "frames_used": "49/60",
        "inlier_frame_ids": [
            1,
            2,
            3,
            4,
            7,
            8,
            9,
            10,
            11,
            12,
            13,
            16,
            17,
            18,
            26,
            27,
            28,
            29,
            30,
            31,
            32,
            33,
            34,
            35,
            37,
            39,
            40,
            41,
            42,
            44,
            45,
            46,
            47,
            48,
            49,
            50,
            51,
            53,
            55,
            56,
            57,
            58,
            59,
            60,
            62,
            64,
            65,
            66,
            67
        ]
    }
}