{
    "version": "3.5.0",
    "timestamp": "20251024_210724",
    "mode": "eye_to_hand",
    "method": "Optimized_Horaud_with_RANSAC",
    "camera_to_base": {
        "translation": {
            "x": 0.541929724242482,
            "y": -0.12766086592666992,
            "z": 0.8103713461005342
        },
        "rotation_matrix": [
            [
                0.5396719649153849,
                0.7715648604430272,
                -0.3368112771477528
            ],
            [
                0.8415573525748421,
                -0.505409387174219,
                0.19063728303614563
            ],
            [
                -0.023138552495590325,
                -0.3863276038360612,
                -0.9220713583572023
            ]
        ],
        "quaternion": {
            "x": 0.8612712566965773,
            "y": 0.46823872284006984,
            "z": -0.10448213232609714,
            "w": -0.16747478868770302
        }
    },
    "quality": {
        "translation_error_mm": {
            "mean": 17.92429359141084,
            "std": 11.027745060224808,
            "max": 47.04011599943613,
            "median": 14.303854037733588
        },
        "rotation_error_deg": {
            "mean": 3.963757850967209,
            "std": 1.8950662830143417,
            "max": 7.643042203739283,
            "median": 4.445487527887892
        },
        "quality": "\u274c \u9700\u8981\u6539\u8fdb"
    },
    "data_statistics": {
        "frames_used": "28/60",
        "inlier_frame_ids": [
            1,
            7,
            8,
            9,
            10,
            11,
            12,
            13,
            16,
            17,
            18,
            26,
            27,
            28,
            29,
            30,
            33,
            40,
            41,
            42,
            46,
            51,
            53,
            55,
            57,
            59,
            62,
            66
        ]
    }
}