{
    "version": "3.5.0",
    "timestamp": "20251024_185954",
    "mode": "eye_to_hand",
    "method": "Optimized_Li_with_RANSAC",
    "camera_to_base": {
        "translation": {
            "x": 0.5915259165850667,
            "y": -0.20661082072342218,
            "z": 0.9669004736570526
        },
        "rotation_matrix": [
            [
                0.587710576128649,
                0.7515768305110537,
                -0.29954723591695837
            ],
            [
                0.8090586382014451,
                -0.5480048123647804,
                0.21240255548525072
            ],
            [
                -0.004516487369008337,
                -0.3671825070234154,
                -0.930137950993209
            ]
        ],
        "quaternion": {
            "x": 0.8754789174341433,
            "y": 0.44565192765761125,
            "z": -0.08682782567086758,
            "w": -0.16550514551718618
        }
    },
    "quality": {
        "translation_error_mm": {
            "mean": 1.968463164286167,
            "std": 1.2789187404949565,
            "max": 6.973727245220637,
            "median": 1.9479550997944486
        },
        "rotation_error_deg": {
            "mean": 1.0687164751773637,
            "std": 0.6242623181690607,
            "max": 2.9888831099360473,
            "median": 0.9374109351984271
        },
        "quality": "\ud83c\udf1f \u4f18\u79c0"
    },
    "data_statistics": {
        "frames_used": "49/60",
        "inlier_frame_ids": [
            1,
            2,
            3,
            4,
            7,
            8,
            9,
            10,
            11,
            12,
            13,
            16,
            17,
            18,
            26,
            27,
            28,
            29,
            30,
            31,
            32,
            33,
            34,
            35,
            37,
            39,
            40,
            41,
            42,
            44,
            45,
            46,
            47,
            48,
            49,
            50,
            51,
            53,
            55,
            56,
            57,
            58,
            59,
            60,
            62,
            64,
            65,
            66,
            67
        ]
    }
}