{
    "version": "3.5.4",
    "timestamp": "20251122_181757",
    "mode": "eye_in_hand",
    "method": "Optimized_Tsai_with_RANSAC",
    "camera_to_flan": {
        "translation": {
            "x": 0.05933312144088552,
            "y": -0.02909077777495918,
            "z": 0.019700101967851293
        },
        "rotation_matrix": [
            [
                -0.02499031946262138,
                -0.9983038970487903,
                0.05258148980729145
            ],
            [
                0.9996120682148901,
                -0.024306881713189336,
                0.013597374030694467
            ],
            [
                -0.0122962194314232,
                0.05290089449696658,
                0.9985240599750788
            ]
        ],
        "quaternion": {
            "x": 0.014075708467862174,
            "y": 0.023234552795099565,
            "z": 0.7155105277266871,
            "w": 0.6980735739875971
        }
    },
    "quality": {
        "translation_error_mm": {
            "mean": 3.7290713918876097,
            "std": 1.8346994784844746,
            "max": 7.827420427893737,
            "median": 3.7031311830266995
        },
        "rotation_error_deg": {
            "mean": 0.8726327420192427,
            "std": 0.3051344394145965,
            "max": 1.6760897370123706,
            "median": 0.8751308047650594
        },
        "quality": "\ud83d\udc4d \u826f\u597d"
    },
    "data_statistics": {
        "frames_used": "40/61",
        "inlier_frame_ids": [
            2,
            6,
            7,
            8,
            9,
            10,
            14,
            15,
            16,
            17,
            18,
            21,
            22,
            24,
            25,
            26,
            29,
            30,
            31,
            32,
            33,
            34,
            35,
            37,
            38,
            39,
            40,
            42,
            43,
            45,
            46,
            47,
            48,
            49,
            50,
            51,
            52,
            53,
            54,
            59
        ]
    }
}