{
    "version": "3.5.4",
    "timestamp": "20251122_181834",
    "mode": "eye_in_hand",
    "method": "Optimized_Tsai_with_RANSAC",
    "camera_to_flan": {
        "translation": {
            "x": 0.059333457794962616,
            "y": -0.02909054341757013,
            "z": 0.01970021802824398
        },
        "rotation_matrix": [
            [
                -0.024990335996756475,
                -0.9983039071768914,
                0.052581289658223174
            ],
            [
                0.9996120694138791,
                -0.02430690788539258,
                0.01359723910038934
            ],
            [
                -0.012296088356519502,
                0.05290069134145404,
                0.9985240723521517
            ]
        ],
        "quaternion": {
            "x": 0.01407568414398135,
            "y": 0.023234434355134916,
            "z": 0.7155105373497829,
            "w": 0.6980735685567105
        }
    },
    "quality": {
        "translation_error_mm": {
            "mean": 3.729066851132693,
            "std": 1.834694797311928,
            "max": 7.827460982594983,
            "median": 3.7031409284622456
        },
        "rotation_error_deg": {
            "mean": 0.8726340960642954,
            "std": 0.3051349680869216,
            "max": 1.6760914006049963,
            "median": 0.8751339023171086
        },
        "quality": "\ud83d\udc4d \u826f\u597d"
    },
    "data_statistics": {
        "frames_used": "40/61",
        "inlier_frame_ids": [
            2,
            6,
            7,
            8,
            9,
            10,
            14,
            15,
            16,
            17,
            18,
            21,
            22,
            24,
            25,
            26,
            29,
            30,
            31,
            32,
            33,
            34,
            35,
            37,
            38,
            39,
            40,
            42,
            43,
            45,
            46,
            47,
            48,
            49,
            50,
            51,
            52,
            53,
            54,
            59
        ]
    }
}