{
    "version": "3.5.0",
    "timestamp": "20251024_193715",
    "mode": "eye_to_hand",
    "method": "Optimized_Shah_with_RANSAC",
    "camera_to_base": {
        "translation": {
            "x": 0.5915261007970601,
            "y": -0.2066109442740041,
            "z": 0.9669003066611127
        },
        "rotation_matrix": [
            [
                0.5877107661564712,
                0.7515765495016813,
                -0.2995475681472308
            ],
            [
                0.8090584993145422,
                -0.5480049498589771,
                0.21240272977756414
            ],
            [
                -0.004516639311942017,
                -0.36718287700981733,
                -0.9301378041989903
            ]
        ],
        "quaternion": {
            "x": 0.8754789432382767,
            "y": 0.4456517946175977,
            "z": -0.0868279613712013,
            "w": -0.1655052960621685
        }
    },
    "quality": {
        "translation_error_mm": {
            "mean": 1.9684611502479594,
            "std": 1.2789173640205336,
            "max": 6.9737437034411665,
            "median": 1.9479720978362127
        },
        "rotation_error_deg": {
            "mean": 1.0687209261629467,
            "std": 0.6242638744678592,
            "max": 2.988901853969907,
            "median": 0.9374259654985788
        },
        "quality": "\ud83c\udf1f \u4f18\u79c0"
    },
    "data_statistics": {
        "frames_used": "49/60",
        "inlier_frame_ids": [
            1,
            2,
            3,
            4,
            7,
            8,
            9,
            10,
            11,
            12,
            13,
            16,
            17,
            18,
            26,
            27,
            28,
            29,
            30,
            31,
            32,
            33,
            34,
            35,
            37,
            39,
            40,
            41,
            42,
            44,
            45,
            46,
            47,
            48,
            49,
            50,
            51,
            53,
            55,
            56,
            57,
            58,
            59,
            60,
            62,
            64,
            65,
            66,
            67
        ]
    }
}