{
    "version": "3.5.0",
    "timestamp": "20251024_185153",
    "mode": "eye_to_hand",
    "method": "Optimized_Horaud_with_RANSAC",
    "camera_to_base": {
        "translation": {
            "x": 0.5917554980442573,
            "y": -0.20712208212414823,
            "z": 0.9665746854409758
        },
        "rotation_matrix": [
            [
                0.5884646956447259,
                0.7507788505573956,
                -0.3000673583305521
            ],
            [
                0.8085099653622774,
                -0.5485286571565541,
                0.21313833110896913
            ],
            [
                -0.004575793881858831,
                -0.36803183263644906,
                -0.9298019317449322
            ]
        ],
        "quaternion": {
            "x": 0.8756133970746183,
            "y": 0.4451989945360535,
            "z": -0.08697992550999357,
            "w": -0.16593229548767738
        }
    },
    "quality": {
        "translation_error_mm": {
            "mean": 6.25558658065305,
            "std": 1.4342669524885658,
            "max": 11.593653126227343,
            "median": 5.8664540595509935
        },
        "rotation_error_deg": {
            "mean": 1.6491750922985535,
            "std": 0.6114173696340521,
            "max": 3.5953001956755855,
            "median": 1.5802578018699456
        },
        "quality": "\u26a0\ufe0f  \u53ef\u63a5\u53d7"
    },
    "data_statistics": {
        "frames_used": "49/60",
        "inlier_frame_ids": [
            1,
            2,
            3,
            4,
            7,
            8,
            9,
            10,
            11,
            12,
            13,
            16,
            17,
            18,
            26,
            27,
            28,
            29,
            30,
            31,
            32,
            33,
            34,
            35,
            37,
            39,
            40,
            41,
            42,
            44,
            45,
            46,
            47,
            48,
            49,
            50,
            51,
            53,
            55,
            56,
            57,
            58,
            59,
            60,
            62,
            64,
            65,
            66,
            67
        ]
    }
}