{
    "version": "3.5.0",
    "timestamp": "20251024_214305",
    "mode": "eye_to_hand",
    "method": "Optimized_Horaud_with_RANSAC",
    "camera_to_base": {
        "translation": {
            "x": 0.5915262200127415,
            "y": -0.20661074377049815,
            "z": 0.9669000986092252
        },
        "rotation_matrix": [
            [
                0.587709841500146,
                0.7515772070025437,
                -0.29954773262057777
            ],
            [
                0.8090591741160589,
                -0.5480038593799215,
                0.2124029728684415
            ],
            [
                -0.004516080437081099,
                -0.3671831586810142,
                -0.930137695719574
            ]
        ],
        "quaternion": {
            "x": 0.8754786400306465,
            "y": 0.4456523294114782,
            "z": -0.08682787881809856,
            "w": -0.16550550323225677
        }
    },
    "quality": {
        "translation_error_mm": {
            "mean": 1.9684573848676372,
            "std": 1.2789279382498795,
            "max": 6.9737997832938055,
            "median": 1.9479607126805116
        },
        "rotation_error_deg": {
            "mean": 1.068718530992248,
            "std": 0.6242581827027758,
            "max": 2.9888600612927667,
            "median": 0.9374109006083439
        },
        "quality": "\ud83c\udf1f \u4f18\u79c0"
    },
    "data_statistics": {
        "frames_used": "49/60",
        "inlier_frame_ids": [
            1,
            2,
            3,
            4,
            7,
            8,
            9,
            10,
            11,
            12,
            13,
            16,
            17,
            18,
            26,
            27,
            28,
            29,
            30,
            31,
            32,
            33,
            34,
            35,
            37,
            39,
            40,
            41,
            42,
            44,
            45,
            46,
            47,
            48,
            49,
            50,
            51,
            53,
            55,
            56,
            57,
            58,
            59,
            60,
            62,
            64,
            65,
            66,
            67
        ]
    }
}