{
    "version": "3.5.1",
    "timestamp": "20251024_221132",
    "mode": "eye_to_hand",
    "method": "Optimized_Horaud_with_RANSAC",
    "camera_to_base": {
        "translation": {
            "x": 0.6289716578193518,
            "y": -0.18075632468120295,
            "z": 0.9850777909857649
        },
        "rotation_matrix": [
            [
                0.5428383959733586,
                0.740126843496052,
                -0.39691149062938624
            ],
            [
                0.8329462389058313,
                -0.5348817018148151,
                0.1417819740175629
            ],
            [
                -0.10736404868344304,
                -0.40757063265188476,
                -0.9068401956519361
            ]
        ],
        "quaternion": {
            "x": 0.8637939993771823,
            "y": 0.4552801604132784,
            "z": -0.14594785900238513,
            "w": -0.15899410249016116
        }
    },
    "quality": {
        "translation_error_mm": {
            "mean": 2.188346708455382,
            "std": 0.9791633363326812,
            "max": 5.162970569027836,
            "median": 2.0623790273870513
        },
        "rotation_error_deg": {
            "mean": 1.089782358383965,
            "std": 0.5046571630872178,
            "max": 2.5023989758227523,
            "median": 1.0723831806744726
        },
        "quality": "\ud83c\udf1f \u4f18\u79c0"
    },
    "data_statistics": {
        "frames_used": "55/65",
        "inlier_frame_ids": [
            1,
            2,
            3,
            4,
            7,
            8,
            9,
            10,
            11,
            12,
            13,
            16,
            17,
            18,
            19,
            20,
            21,
            23,
            24,
            25,
            26,
            28,
            29,
            30,
            31,
            32,
            33,
            34,
            35,
            37,
            39,
            40,
            41,
            42,
            43,
            44,
            45,
            46,
            47,
            48,
            49,
            50,
            51,
            53,
            55,
            56,
            57,
            58,
            59,
            60,
            62,
            64,
            65,
            66,
            67
        ]
    }
}