{
  "timestamp": "20251016_231623",
  "method": "Optimized_Tsai_with_RANSAC",
  "optimization": {
    "ransac_enabled": true,
    "multi_algorithm": true,
    "iterative_refinement": true
  },
  "data_points": {
    "total": 12,
    "used": 12,
    "filtered": 0
  },
  "transformation": {
    "rotation_matrix": [
      [
        -0.016372748077278877,
        0.9129618726560973,
        0.40771626432688485
      ],
      [
        -0.9998658969014214,
        -0.014807639770931066,
        -0.006994427634255389
      ],
      [
        -0.00034833018022510886,
        -0.40777610631409805,
        0.9130818833956783
      ]
    ],
    "translation_mm": [
      -71.42065196662615,
      43.413689574634205,
      30.80371967962787
    ],
    "quaternion_xyzw": [
      0.1460761858568791,
      -0.14873064992686405,
      0.6971840272201967,
      -0.6859120744577012
    ],
    "euler_xyz_deg": [
      -24.065211183861987,
      0.019957849607533575,
      -90.93813133761573
    ]
  },
  "quality": {
    "avg_error_mm": 2.823899898583807,
    "quality_level": "\ud83c\udf1f \u4f18\u79c0 (\u5de5\u4e1a\u7ea7\u7cbe\u5ea6)"
  },
  "camera_intrinsics": {
    "camera_matrix": [
      [
        898.5195922851562,
        0.0,
        652.4507446289062
      ],
      [
        0.0,
        898.4907836914062,
        376.7908935546875
      ],
      [
        0.0,
        0.0,
        1.0
      ]
    ],
    "distortion_coefficients": [
      0.09539764374494553,
      -0.18900324404239655,
      -0.0005664896452799439,
      -0.0009036035044118762,
      0.0
    ]
  }
}