{
    "version": "3.3.0",
    "timestamp": "20251023_144002",
    "mode": "eye_in_hand",
    "method": "Optimized_Daniilidis_with_RANSAC",
    "camera_to_gripper": {
        "translation": {
            "x": 0.09647551261545499,
            "y": -0.015015120940972758,
            "z": -0.006118167613255299
        },
        "rotation_matrix": [
            [
                0.004956010839058748,
                -0.9999264334411037,
                -0.011070937734326004
            ],
            [
                0.9992372198853713,
                0.00452314219377628,
                0.03878813710980451
            ],
            [
                -0.038735208174440545,
                -0.011254727471115054,
                0.9991861261833221
            ]
        ],
        "quaternion": {
            "x": -0.017654620230695733,
            "y": 0.009759676882400191,
            "z": 0.7052848667649276,
            "w": 0.7086369449894913
        }
    },
    "quality": {
        "translation_error_mm": {
            "mean": 20.392838703918837,
            "std": 12.302275741447588,
            "max": 57.597350646411066,
            "median": 17.039504372016804
        },
        "rotation_error_deg": {
            "mean": 9.324486988154371,
            "std": 1.617186558196055,
            "max": 11.940165983965086,
            "median": 9.542323942053088
        },
        "quality": "\u8f83\u5dee"
    },
    "data_statistics": {
        "frames_used": "49/64",
        "inlier_frame_ids": [
            1,
            2,
            3,
            4,
            5,
            6,
            7,
            8,
            9,
            10,
            11,
            13,
            15,
            16,
            17,
            18,
            19,
            20,
            21,
            22,
            24,
            27,
            28,
            29,
            30,
            31,
            32,
            33,
            34,
            35,
            38,
            39,
            40,
            41,
            42,
            45,
            46,
            47,
            50,
            51,
            53,
            54,
            55,
            56,
            58,
            59,
            60,
            63,
            65
        ]
    }
}