{
    "version": "3.3.0",
    "timestamp": "20251023_123822",
    "mode": "eye_in_hand",
    "method": "Optimized_Daniilidis_with_RANSAC",
    "camera_to_gripper": {
        "translation": {
            "x": 0.09352188366611962,
            "y": -0.015225974795238302,
            "z": -0.016601344238950325
        },
        "rotation_matrix": [
            [
                -0.019929656312059788,
                -0.9997698831205946,
                -0.007936599039635374
            ],
            [
                0.9986058341188255,
                -0.020293287914060893,
                0.04872956525028367
            ],
            [
                -0.04887941144416327,
                -0.0069543706163675105,
                0.998780476314091
            ]
        ],
        "quaternion": {
            "x": -0.019894441987086176,
            "y": 0.014627816685239966,
            "z": 0.713968385248992,
            "w": 0.6997423690344844
        }
    },
    "quality": {
        "translation_error_mm": {
            "mean": 17.200749517675458,
            "std": 8.775411939987537,
            "max": 34.95607322624765,
            "median": 17.26717796288636
        },
        "rotation_error_deg": {
            "mean": 8.739024091089979,
            "std": 1.7342154961058451,
            "max": 11.095592411692293,
            "median": 9.140672328553475
        },
        "quality": "\u8f83\u5dee"
    },
    "data_statistics": {
        "frames_used": "31/64",
        "inlier_frame_ids": [
            1,
            2,
            3,
            4,
            5,
            6,
            7,
            8,
            9,
            10,
            11,
            13,
            15,
            16,
            18,
            19,
            20,
            21,
            24,
            28,
            29,
            33,
            34,
            35,
            38,
            46,
            47,
            58,
            59,
            63,
            65
        ]
    }
}